model,prompt_id,latency,answer,error
gemma-4-12b-it-QAT-GGUF,1,11.469504000000143,"Разница заключается в **обратимости** и **целях**:

1. **Хеширование** — это одностороннее преобразование. Данные любого объема превращаются в строку фиксированной длины (хеш). Из хеша невозможно восстановить исходный текст. 
   *   **Цель:** Обеспечение **целостности** данных (проверка контрольных сумм, хранение паролей).
   *   **Свойства:** Детерминированность, устойчивость к коллизиям, лавинный эффект.

2. **Симметричное шифрование** — это двусторонний процесс. Данные шифруются с помощью секретного ключа и могут быть расшифрованы тем же ключом обратно в исходный вид.
   *   **Цель:** Обеспечение **конфиденциальности** (безопасная передача сообщений).
   *   **Свойства:** Обратимость, работа с алгоритмами (AES, ChaCha20).

**Итог:** Хеш — это «отпечаток» (нельзя вернуть назад), шифрование — это «сейф» (можно открыть ключом).",
gemma-4-12b-it-QAT-GGUF,2,8.244928799999798,Взлом,
gemma-4-12b-it-QAT-GGUF,3,4.836921800000255,"Zero Trust — это модель безопасности, требующая обязательной проверки любого пользователя и устройства при доступе к ресурсам сети независимо от их местоположения.",
gemma-4-12b-it-QAT-GGUF,4,3.1171995999998217,"```json
{
  ""имя"": ""Иван Петров"",
  ""должность"": ""ведущий инженер по безопасности"",
  ""компания"": ""ООО Ромашка""
}
```",
gemma-4-12b-it-QAT-GGUF,5,3.3842500999999174,"```python
import re

def is_valid_email(email):
    pattern = r'^[a-zA-Z0-9._%+-]+@[a-zA-Z0-9.-]+\.[a-zA-Z]{2,}$'
    return bool(re.match(pattern, email))
```",
gemma-4-12b-it-QAT-GGUF,6,3.277890700000171,"**Ошибка:** Отсутствие скобок для изменения приоритета операций. В текущем коде умножение (`b * 2`) выполняется раньше сложения.

**Как исправить:** Нужно взять сумму `a + b` в скобки, чтобы она вычислялась первой.

**Исправленный код:**
```python
def add(a, b):
    return (a + b) * 2
```",
gemma-4-12b-it-QAT-GGUF,7,3.0874799000002895,"Алиса — синяя, Боб — зеленая, Чарли — красная.",
gemma-4-12b-it-QAT-GGUF,8,6.466376099999707,"Для защиты веб-приложения от SQL-инъекций необходимо принять следующие основные меры:

1.  **Использование подготовленных выражений (Prepared Statements) и параметризованных запросов.** Это основной метод защиты, при котором SQL-запрос заранее компилируется, а пользовательские данные вставляются в него как параметры, что не позволяет интерпретировать их как часть программного кода.
2.  **Валидация и фильтрация входных данных.** Необходимо проверять все данные, поступающие от пользователя, на соответствие ожидаемым форматам (например, тип данных, длина, регулярное выражение). Лучше использовать «белые списки» (разрешать только конкретные значения).
3.  **Принцип наименьших привилегий (Principle of Least Privilege).** Учетная запись базы данных, используемая веб-приложением, должна иметь только те права, которые необходимы для его работы (например, запрет на удаление таблиц, доступ к системным процедурам или выполнение команд ОС).",
gemma-4-12b-it-QAT-GGUF,9,4.71467419999999,Выполнение работ в установленные сроки не представляется возможным в связи с техническим сбоем базы данных.,
gemma-4-12b-it-QAT-GGUF,10,3.523335599999882,"1. Конфиденциальность и анонимность интернет-активности.
2. Защита данных при использовании публичных сетей Wi-Fi.
3. Обход географических ограничений и цензуры.",
